ilayaraja-fm,https://southradios.net/play/ilayarajaradio
arr-radio,https://southradios.net/play/arrahmanradio
rahmaniyam-3d-fm,https://southradios.net/play/rahmaniyam3d
raajankam-3d-fm,https://southradios.net/play/raajankam3d
harris-jayaraj-radio,https://southradios.net/play/harrishjeyarajradio
anirudh-radio,https://southradios.net/play/ilayamaanradio
ar-rahman-lite-radio,https://southradios.net/play/anirudhradio
ilayamaan-radio,https://southradios.net/play/arrahmanliteradio
ilayaraja-lite-radio,https://southradios.net/play/ilayarajalite
kj-yesudas-radio,https://apipermission.southradios.net/play/spbradio
spb-online-radio,https://southradios.net/play/kjyesudas
ysr-radio,https://southradios.net/play/ysrradio
vidyasagar-radio,https://southradios.net/play/vidyasagarradio
deva-radio,https://southradios.net/play/devaradio
ilayaraja-super-beats-radio,https://southradios.net/play/ilayarajasuperbeatradio
vijay-tamil-radio,https://southradios.net/play/vijayradio
ajith-tamil-fm,https://southradios.net/play/mohanradio
hariharan-hits-radio,https://southradios.net/play/ajithradio
mohan-hits-radio,https://southradios.net/play/unnikrishanradio
unnikrishnan-radio,https://southradios.net/play/hariharanradio
ks-chitra-radio,https://southradios.net/play/janakiradio
s-jankaki-radio,https://southradios.net/play/kschitra
isaignani-radio,https://southradios.net/play/malaysiavasudevanradio
malaysia-vasudevan-radio,https://southradios.net/play/sarajkumarradio
sa-rajkumar-radio,https://southradios.net/play/immanradio
imman-radio,https://southradios.net/play/goldensouthradios
golden-southradios,https://southradios.net/play/isaignaniradio
radio-retro,https://southradios.net/play/radioretro
radio-mathuram,https://southradios.net/play/radiomathuram
tamil-melody-radio,https://southradios.net/play/tamilmelodyradio
tamil-hits-radio,https://southradios.net/play/tamilhitsradio
tamil-pop-radio,https://southradios.net/play/tamilpopradio
vadivelu-comedy-radio-2,https://southradios.net/play/vadivelucomedyradio
goundamani-senthil-radio,https://southradios.net/play/tamilcomedyradio
tamil-comedy-radio-2,https://southradios.net/play/goundamanisenthilradio
gana-radio,https://southradios.net/play/ganaradio
ar-rahman-beat-radio,https://southradios.net/play/arrbeat
ilayamaan-lite-radio,https://southradios.net/play/manoradio
mano-radio,https://southradios.net/play/ilayamaanliteradio
swarnalatha-radio,https://southradios.net/play/swarnalatharadio
santhosh-narayanan-radio,https://southradios.net/play/santhoshnarayananradio
gv-prakash-radio,https://southradios.net/play/gvprakashradio
kalaignani-radio,https://southradios.net/play/kalaignanairadio
super-star-radio,https://southradios.net/play/superstarradio
thala-thalapathy-radio,https://southradios.net/play/thalathalapathyradio
naa-muthukumar-radio,https://southradios.net/play/muthukumaradio
kaviyarasar-radio,https://southradios.net/play/kaviyarasarradio
mellisai-mannar-radio,https://southradios.net/play/mellisaimannarradio
tms-radio,https://southradios.net/play/tmsradio
mgr-radio,https://southradios.net/play/sivajiradio
sivaji-radio,https://southradios.net/play/mgradio
