thenral-world-radio,https://thenralw.radioca.st/LiveStream
vaanam-fm,https://www.liveradio.es/http://37.187.93.104:8054/stream
kummalam-radio,https://www.liveradio.es/http://europa.shoutca.st:8106/;stream.mp3
etrradio,https://www.liveradio.es/http://kummalam.stream.laut.fm/kummalam
big-fm-chennai-online,https://radios.crabdance.com:7002/1
radio-city-live,https://radios.crabdance.com:7002/4
radio-mirchi-tamil-fm,https://radios.crabdance.com:7002/5
hello-fm-tamil-radio,https://radios.crabdance.com:7002/3
radio-one-94-3,https://southradios.net/play/puradsifm
puradsi-fm,https://air.pc.cdn.bitgravity.com/air/live/pbaudio022/playlist.m3u8
chennai-fm-rainbow,https://southradios.net/play/palaiyapaadalradio
palaiya-paadal-radio,https://www.liveradio.es/http://51.158.169.255:8002/7
american-tamil-radio,https://www.liveradio.es/http://69.46.24.226:7188/stream
thenral-world-radio,https://thenralw.radioca.st/LiveStream
